PLAN_CONVENIO,Compañia final,Canal
AMASFAC EMPLEADOS PREVENTIVO 2024,AMASFAC,ASEGURADORA
ASISMED LEALTAD 2024,ASISMED,ASEGURADORA
AXA - COLECTIVOS BASICO,AXA,ASEGURADORA
AXA - COLECTIVOS GRAND,AXA,ASEGURADORA
AXA - COLECTIVOS PLATINO,AXA,ASEGURADORA
AXA - COLECTIVOS PREMIUM,AXA,ASEGURADORA
AXA - EMPLEADOS GRAND (EXCESOS 1 Y 2),AXA,ASEGURADORA
AXA - EMPLEADOS INTEGRAL (EXCESOS 4 Y 5),AXA,ASEGURADORA
AXA - POLIZAS SIN COBERTURA,AXA,ASEGURADORA
AXA COLECTIVOS PLAN LIMPIEZA,AXA,ASEGURADORA
AXA EMPLEADOS SC,AXA,ASEGURADORA
BBVA  SALUD ELEMENTAL,BBVA,ASEGURADORA
BBVA PREVENTIVO,BBVA,ASEGURADORA
BBVA SALUD SEGURIDAD,BBVA,ASEGURADORA
BUPA SEGUROS COLECTIVOS BASICO PREVENTIVO,BUPA,ASEGURADORA
BUPA SEGUROS COLECTIVOS MEDIO AFILIACION ESPECIAL,BUPA,ASEGURADORA
BUPA SEGUROS ELEMENTAL 2023,BUPA,ASEGURADORA
GNP CUENTAS CORPORATIVAS DANONE,GNP,ASEGURADORA
GNP EMPLEADOS BASICO,GNP,ASEGURADORA
GNP GMM PYMES BASICO,GNP,ASEGURADORA
GNP GMM PYMES PLUS,GNP,ASEGURADORA
GNP GMM PYMES PREMIUM,GNP,ASEGURADORA
GNP GMMI SANTANDER,GNP,ASEGURADORA
HDI AGENTES LIMPIEZA 2025-2026,HDI,ASEGURADORA
HSBC EMPLEADOS GASTOS MÉDICOS,HSBC,ASEGURADORA
HSBC JUBILADOS,HSBC JUBILADOS,ASEGURADORA
HSBC SERVICIO DENTAL,HSBC,ASEGURADORA
HSBC SERVICIO MEDICO EDPM,HSBC,ASEGURADORA
LA LATINO CLIENTES AFILIACION UPGRADE 2021,LA LATINO,ASEGURADORA
LA LATINO CLIENTES AMPLIO BASICO 2021,LA LATINO,ASEGURADORA
MAPFRE COLECTIVOS BASICO,MAPFRE,ASEGURADORA
MAPFRE FUNDACION,MAPFRE,ASEGURADORA
MAPFRE GMMI BASICO,MAPFRE,ASEGURADORA
MAPFRE GMMI BASICO TC,MAPFRE,ASEGURADORA
MAPFRE GMMI ESTANDAR,MAPFRE,ASEGURADORA
MAPFRE GMMI ESTANDAR TC,MAPFRE,ASEGURADORA
MAPFRE GMMI PLUS,MAPFRE,ASEGURADORA
MAPFRE GMMI PLUS TC,MAPFRE,ASEGURADORA
MAPFRE PLAN VALOR PACIENTES DENTALIA,MAPFRE,ASEGURADORA
MAPFRE PMMI ORO,MAPFRE,ASEGURADORA
MAPFRE PMMI ORO TC,MAPFRE,ASEGURADORA
MAPFRE PMMI PLATA,MAPFRE,ASEGURADORA
MAPFRE PMMI PLATA TC,MAPFRE,ASEGURADORA
MAPFRE SINIESTROS UNICO,MAPFRE,ASEGURADORA
MEDDI PLAN LIMPIEZA,MEDDI,ASEGURADORA
MEMBRESIA DENTAL GNP,GNP,ASEGURADORA
PLAN AXA PROTECCIÓN DENTAL,AXA,ASEGURADORA
PLAN AXA PROTECCIÓN DENTAL INTEGRAL,AXA,ASEGURADORA
PLAN PREVENTIVO E-BROKING,E-BROKING,ASEGURADORA
PLAN SEGURO - EMPLEADOS,PS,ASEGURADORA
PLAN SEGURO GMM COLECTIVOS AMPLIO,PS,ASEGURADORA
PLAN SEGURO GMM COLECTIVOS PREVENTIVO,PS,ASEGURADORA
PLAN TRANSICIÓN AXA M1B,AXA,ASEGURADORA
PLAN VALOR PACIENTES DENTALIA,AXA,ASEGURADORA
SALUD CON ATENCION DENTAL + PLAN SEGURO,PS,ASEGURADORA
SALUD CON ATENCIÓN DENTAL BASICO PLAN SEGURO,PS,ASEGURADORA
SALUD CON ATENCION DENTAL ESENCIAL PLAN SEGURO,PS,ASEGURADORA
SALUD CON ATENCION DENTAL TOTAL PLAN SEGURO,PS,ASEGURADORA
INTEGRA SALUD,INTEGRA SALUD,ASISTENCIADORA
INTEGRA SALUD BOOSTER,INTEGRA SALUD,ASISTENCIADORA
INTEGRA SALUD CLIENTES AFILIACION,INTEGRA SALUD,ASISTENCIADORA
INTEGRA SALUD CLIENTES MEXICALI,INTEGRA SALUD,ASISTENCIADORA
INTEGRA SALUD PAQUETE 4,INTEGRA SALUD,ASISTENCIADORA
INTEGRALIS CLIENTES PREVENTIVO 2024,INTEGRALIS,ASISTENCIADORA
MAS SERVICIOS ASEGURADOS LIMPIEZA 2023,MAS SERVICIOS,ASISTENCIADORA
MAS SERVICIOS UNICO 2025,MAS SERVICIOS,ASISTENCIADORA
NOMINA HABIENTES HSBC 2024,NOMINA HABIENTES HSBC,ASISTENCIADORA
NOMINA HABIENTES HSBC UNICO 2024,NOMINA HABIENTES HSBC,ASISTENCIADORA
TQS ASEGURADOS LIMPIEZA 2023,TQS,ASISTENCIADORA
VIVA WELL CLIENTES AMPLIO,VIVA WELL,ASISTENCIADORA
VIVA WELL CLIENTES VIP AMPLIO,VIVA WELL,ASISTENCIADORA
VIVA WELL PLAN LIMPIEZA BTOBTOC,VIVA WELL,ASISTENCIADORA
3M EMPLEADOS AUTO 2024,3M,B&E
3M EMPLEADOS AUTORREALIZACION 2024,3M,B&E
3M EMPLEADOS SEG 2024,3M,B&E
3M EMPLEADOS SEGURIDAD 2024,3M,B&E
3M PORTAL EMPLEADOS AUTORREALIZACIÓN 2024,PORTAL 3M,B&E
3M PORTAL EMPLEADOS SEGURIDAD 2024,PORTAL 3M,B&E
8INTEGRA PLAN FAMILIAR AMPLIO,INTEGRA RRMX2,B&E
ABB NEMA MOTORS EMPLEADOS AFILIACION 2024,ABB GENERAL ELECTRIC,B&E
ACH FOODS EMPLEADOS AUTORREALIZACION 2022,CAPULLO,B&E
ACH FOODS EMPLEADOS AUTORREALIZACION 2024,CAPULLO,B&E
ACH FOODS EMPLEADOS AUTORREALIZACION 2025-2026,CAPULLO,B&E
ADIENT MEXICO EMPLEADOS SEGURIDAD 2024,ADIENT MEXICO,B&E
ADMINISTRACION ESTRATEGICA EMPLEADOS AFILIACION 2024,ADMINISTRACIÓN ESTRATEGICA,B&E
ADYEN MEXICO EMPLEADOS SEGURIDAD 2024,ADYEN MEXICO,B&E
AEROUNION EMPLEADOS AFILIACION 2024,AEROUNION,B&E
AEROUNION EMPLEADOS AUTORREALIZACION 2023,AEROUNION,B&E
AFIRME PORTAL EMPLEADOS AFILIACION 2023,AFIRME,B&E
AFIRME PORTAL EMPLEADOS AFILIACION 2024,PORTAL AFIRME,B&E
AFIRME PORTAL EMPLEADOS AUTORREALIZACION 2023,AFIRME,B&E
AFIRME PORTAL EMPLEADOS AUTORREALIZACION 2024,AFIRME,B&E
AFORE SURA EMPLEADOS AFILIACION 2023,AFORE SURA,B&E
AFORE SURA EMPLEADOS AFILIACION 2024,AFORE SURA,B&E
AFORE SURA EMPLEADOS AFILIACION 2025,AFORE SURA,B&E
AFORE SURA EMPLEADOS SEGURIDAD 2024,AFORE SURA,B&E
AFORE SURA EMPLEADOS SEGURIDAD 2025,AFORE SURA,B&E
AIT WORLDWIDE LOGISTICS EMPLEADOS ELEMENTAL 2022,AIT WORLDWIDE,B&E
AIT WORLDWIDE LOGISTICS EMPLEADOS ELEMENTAL 2024,AIT WORLDWIDE,B&E
ALD AUTOMOTIVE EMPLEADOS SEGURIDAD 2023,ALD AUTOMOTIVE,B&E
ALD AUTOMOTIVE EMPLEADOS SEGURIDAD 2024-2025,ALD AUTOMOTIVE,B&E
ALPLA EMPLEADOS AUTORREALIZACION 2024,ALPLA TRADING,B&E
ALPLA MEXICO EMPLEADOS AUTORREALIZACION 2022,ALPLA TRADING,B&E
ALPLA MEXICO EMPLEADOS AUTORREALIZACION 2023,ALPLA TRADING,B&E
ALPLA MEXICO EMPLEADOS AUTORREALIZACION 2024,ALPLA TRADING,B&E
AMAZON COLABORADORES SEGMENTO A,AMAZON SEG A,B&E
AMAZON COLABORADORES SEGMENTO B,AMAZON SEG B,B&E
AMAZON DEPENDIENTES SEGMENTO A,AMAZON SEG A,B&E
AMAZON DEPENDIENTES SEGMENTO B,AMAZON SEG B,B&E
AMERICAN EXPRESS COMPANY EMPLEADOS AFILIACION 2022 ,AMEX,B&E
AMERICAN EXPRESS COMPANY EMPLEADOS AFILIACION 2023,AMEX,B&E
AMERICAN EXPRESS COMPANY EMPLEADOS AFILIACION 2024,AMEX,B&E
AMERICAN EXPRESS PORTAL 2022,PORTAL AMEX,B&E
AMERICAN EXPRESS PORTAL 2023,PORTAL AMEX,B&E
AMERICAN EXPRESS PORTAL 2024,PORTAL AMEX,B&E
AMERICAN EXPRESS TRANSACTION DATA EMPLEADOS AFILIACION 2024,AMEX,B&E
AMEX COMPANY EMPLEADOS 2021,AMEX,B&E
AMNU JOVENES AC EMPLEADOS SEGURIDAD 2024,AMNU,B&E
AMWAY DE MEXICO EMPLEADOS AFILIACION 2024,AMWAY,B&E
AON FLEX PORTAL EMPLEADOS AFILIACION,PORTAL AON FLEX,B&E
AON FLEX PORTAL EMPLEADOS AUTORREALIZACION,PORTAL AON FLEX,B&E
AON FLEX PORTAL EMPLEADOS AUTORREALIZACION 2022,PORTAL AON FLEX,B&E
AON FLEX PORTAL EMPLEADOS SEGURIDAD,PORTAL AON FLEX,B&E
AON FLEX PORTAL EMPLEADOS SEGURIDAD 2022,PORTAL AON FLEX,B&E
AON PORTAL EMPLEADOS AUTORREALIZACION,PORTAL AON MBS,B&E
AON PORTAL EMPLEADOS AUTORREALIZACION 2023,PORTAL AON MBS,B&E
AON PORTAL EMPLEADOS AUTORREALIZACION 2025,PORTAL AON,B&E
AON PORTAL EMPLEADOS SEGURIDAD 2025,PORTAL AON,B&E
ARCELORMITTAL MEXICO EMPLEADOS SEGURIDAD 2024,ARCELOR MITTAL,B&E
ARCELORMITTAL SERVICIOS DE MONTERREY EMPLEADOS SEGURIDAD,ARCELOR MITTAL,B&E
ARCELORMITTAL TUBULAR PRODUCTS MONTERREY EMPLEADOS SEGURIDAD 2024,ARCELOR MITTAL,B&E
ARTHREX EMPLEADOS AFILIACION 2024,ARTHREX,B&E
ASOCIACION MEXICANA DE ESTANDARES EMPLEADOS AFILIACION 2023 PRORROGA,ASOCIACION MEXICANA DE ESTANDARES,B&E
ASPEN EMPLEADOS AFILIACION 2024,ASPEN,B&E
ASPEN EMPLEADOS AFILIACION 2025-2026,ASPEN,B&E
ASTRAZENECA EMPLEADOS AFILIACION 2022,ASTRAZENECA,B&E
ASTRAZENECA EMPLEADOS AFILIACION 2023,ASTRAZENECA,B&E
ASTRAZENECA EMPLEADOS AFILIACION 2024,ASTRAZENECA,B&E
ASTRAZENECA EMPLEADOS AFILIACION 2025-2026,ASTRAZENECA,B&E
ASTRAZENECA EMPLEADOS AFILIACION PLUS,ASTRAZENECA,B&E
AT&T EMPLEADOS AUTORREALIZACION 2023,AT&T,B&E
AT&T EMPLEADOS AUTORREALIZACION 2024,AT&T,B&E
AT&T EMPLEADOS AUTORREALIZACION 2025-2026,AT&T,B&E
AT&T EMPLEADOS SEGURIDAD 2023,AT&T,B&E
AT&T EMPLEADOS SEGURIDAD 2024,AT&T,B&E
AT&T GLOBAL NETWORK SEGURIDAD 2024,AT&T COLABORADORES,B&E
AT&T GRUPO SERVICIOS Y SOPORTE SEGURIDAD 2024,AT&T COLABORADORES,B&E
AT&T GRUPO SERVICIOS Y SOPORTE SEGURIDAD ENERO 2025-2026,AT&T COLABORADORES,B&E
ATT PORTAL EMPLEADOS 2023,AT&T,B&E
AVON EMPLEADOS LEALTAD 2024,AVON,B&E
AWP MEXICO CLIENTES 1RA LIMPIEZA 23-24,AWP,B&E
AWP MEXICO CLIENTES 2DA LIMPIEZA 23-24,AWP,B&E
AXALTA EMPLEADOS AUTORREALIZACION 2023,AXALTA,B&E
AXALTA EMPLEADOS AUTORREALIZACION 2024,AXALTA,B&E
AXIS LAC EMPLEADOS AUTORREALIZACION 2023,AXIS LAC,B&E
AXITY & GETRONICS EMPLEADOS RECONOCIMIENTO 2021,AXITY,B&E
AXITY EMPLEADOS OPCIONAL RECONOCIMIENTO 2022,AXITY,B&E
AXITY EMPLEADOS OPCIONAL RECONOCIMIENTO 2024,AXITY,B&E
AXITY EMPLEADOS RECONOCIMIENTO 2022,AXITY,B&E
AXITY EMPLEADOS RECONOCIMIENTO 2024,AXITY,B&E
BACHOCO EMPLEADO AFILIACION 2023,BACHOCO,B&E
BACHOCO EMPLEADO AFILIACION 2024,BACHOCO,B&E
BACHOCO EMPLEADOS SEGURIDAD 2024,BACHOCO,B&E
BANCA MIFEL PORTAL AUTORREALIZACION 2024,BANCA MIFEL,B&E
BANCA MIFEL PORTAL PREVENTIVO 2024,BANCA MIFEL,B&E
BANCA MIFEL PORTAL SEGURIDAD 2024,BANCA MIFEL,B&E
BANCA MIFEL1 PORTAL AUTORREALIZACION 2024,BANCA MIFEL,B&E
BANCA MIFEL1 PORTAL PREVENTIVO 2024 ,BANCA MIFEL,B&E
BANCA MIFEL1 PORTAL SEGURIDAD 2024,BANCA MIFEL,B&E
BASHAM & ADEFI EMPLEADOS AUTORREALIZACION 2023,BASHAM,B&E
BASHAM PORTAL CLIENTES ATORREALIZACION 2025,BASHAM,B&E
BAYER DE MEXICO EMPLEADOS AUTORREALIZACION 2023,BAYER,B&E
BAYER EMPLEADOS AUTORREALIZACION 2023,BAYER,B&E
BAYER EMPLEADOS AUTORREALIZACION 2025-2026,BAYER,B&E
BAYER MONSANTO COMERCIAL EMPLEADOS AUTORREALIZACION 2025-2026,BAYER,B&E
BBVA PORTAL EMPLEADOS AFILIACIÓN 2024,PORTAL BBVA,B&E
BBVA PORTAL EMPLEADOS AMPLIO FAMILIAR 2024,PORTAL BBVA,B&E
BBVA PORTAL EMPLEADOS SEGURIDAD 2024,PORTAL BBVA,B&E
BEKAERT TRADE MEXICO EMPLEADOS RECONOCIMIENTO 2024,BEKAERT TRADE,B&E
BH SERVICES EMPLEADOS AFILIACIÓN 2025,BH SERVICES,B&E
BIMBO EMPLEADOS AUTORREALIZACION 2022,BIMBO,B&E
BIMBO EMPLEADOS AUTORREALIZACION 2023,BIMBO,B&E
BIMBO EMPLEADOS AUTORREALIZACION 2024,BIMBO,B&E
BIOCODEX EMPLEADOS SEGURIDAD 2024,BIOCODEX,B&E
BIOCODEX EMPLEADOS SEGURIDAD 2025,BIOCODEX,B&E
BLANQUEAMIENTOS VIP,BLANQUEAMIENTOS,B&E
BLOOMBERG EMPLEADOS AUTORREALIZACION 2024,BLOOMBERG,B&E
BOCAR EMPLEADOS AFILIACION 2023,GRUPO BOCAR,B&E
BOCAR EMPLEADOS AFILIACION 2024-2025,GRUPO BOCAR,B&E
BOCAR EMPLEADOS SEGURIDAD 2021,GRUPO BOCAR,B&E
BOCAR EMPLEADOS SEGURIDAD 2022,GRUPO BOCAR,B&E
BOCAR EMPLEADOS SEGURIDAD 2023,GRUPO BOCAR,B&E
BOCAR EMPLEADOS SEGURIDAD 2024-2025,GRUPO BOCAR,B&E
BOEHRINGER EMPLEADOS AUTORREALIZACION 2023,BOEHRINGER,B&E
BOEHRINGER EMPLEADOS AUTORREALIZACION 2024,BOEHRINGER,B&E
BRASKEM IDESA EMPLEADOS ELEMENTAL 2024,BRASKEM IDESA,B&E
BRASKEM IDESA EMPLEADOS ELEMENTAL 2025-2026,BRASKEM IDESA,B&E
BRIDGESTONE DE MEXICO EMPLEADO AFILIACION 2023,BRIDGESTONE,B&E
BRIDGESTONE DE MEXICO EMPLEADO AFILIACION 2024-2025,BRIDGESTONE DE MONTERREY,B&E
BRIDGESTONE DE MEXICO EMPLEADOS AUTORREALIZACION 2024-2025,BRIDGESTONE DE MONTERREY,B&E
BRIDGESTONE NEUMATICOS DE MONTERREY EMPLEADOS AFILIACION 2022,BRIDGESTONE DE MONTERREY,B&E
BRIDGESTONE NEUMATICOS DE MONTERREY EMPLEADOS AFILIACION 2023,BRIDGESTONE DE MONTERREY,B&E
BRIDGESTONE NEUMATICOS DE MONTERREY EMPLEADOS AFILIACION 2024,BRIDGESTONE DE MONTERREY,B&E
BRIGHT MACHINES EMPLEADOS SEGURIDAD 2024,AUTOLABS,B&E
BRITISH AMERICAN TOBACCO EMPLEADOS AFILIACION 2022,BRITISH AMERICAN TOBACCO,B&E
BRITISH AMERICAN TOBACCO EMPLEADOS AFILIACION 2023,BRITISH AMERICAN TOBACCO,B&E
BRITISH AMERICAN TOBACCO EMPLEADOS AFILIACION 2024,BRITISH AMERICAN TOBACCO,B&E
BRITISH AMERICAN TOBACCO EMPLEADOS AFILIACION 2025-2026,BRITISH AMERICAN TOBACCO,B&E
BROVE EMPLEADOS AFILIACION 2024,BROVE,B&E
BROVE EMPLEADOS AMPLIO 2024,BROVE,B&E
BROVE EMPLEADOS AUTORREALIZACION 2024,BROVE,B&E
BSI EMPLEADOS AUTORREALIZACION 2024,BSI,B&E
BUFETE DE ASESORIA ADMINISTRATIVA EMPLEADOS SEGURIDAD 2024,BUFETE DE ASESORIA ADMINISTRATIVA,B&E
BUK PORTAL EMPLEADOS AMPLIO 2024,PORTAL BUK,B&E
BVLGARI EMPLEADOS SEGURIDAD 2024,BVLGARI,B&E
BYD EMPLEADOS AFILIACION 2024,BYD,B&E
C&A MEXICO PORTAL EMPLEADOS AFILIACIÓN 2024,C&A,B&E
C&A MEXICO PORTAL EMPLEADOS AUTO 2024,PORTAL C&A,B&E
C&A MEXICO PORTAL EMPLEADOS ELEMENTAL 2024,C&A,B&E
CADENA COMERCIAL OXXO EMPLEADOS AUTORREALIZACION 2024,OXXO,B&E
CADENA COMERCIAL OXXO EMPLEADOS AUTORREALIZACION 2025-2026,OXXO,B&E
CALMANERA EMPLEADOS AFILIACION 2024,MURGUIA EMPLEADOS,B&E
CALMANERA EMPLEADOS SEGURIDAD 2023,MURGUIA EMPLEADOS,B&E
CALMANERA EMPLEADOS SEGURIDAD 2024,MURGUIA EMPLEADOS,B&E
CAPGEMINI EMPLEADOS SEGURIDAD 360 2024-2025,CAPGEMINI,B&E
CARESTREAM DENTAL EMPLEADOS AUTORREALIZACION 2024,CARESTREAM,B&E
CARGILL PORTAL EMPLEADOS AUTORREALIZACION 2021,PORTAL CARGILL,B&E
CARGILL PORTAL EMPLEADOS AUTORREALIZACION 2024,PORTAL CARGILL,B&E
CASPEX EMPLEADOS SEGURIDAD 2024,CASPEX,B&E
CATERPILLAR EMPLEADOS AFILIACION 2022,CATERPILLAR,B&E
CATERPILLAR EMPLEADOS AFILIACION 2024,CATERPILLAR,B&E
CENTRO DE INGENIERIA AVANZADA EN TURBOMAQUINAS EMPLEADOS AFILIACION 2023,GENERAL ELECTRIC,B&E
CENTRO INTER EMPLEADOS AFILIACION 2024,CENTRO INTER,B&E
CENTRO INTER EMPLEADOS AUTORREALIZACION 2023,CENTRO INTER,B&E
CENTRO INTER EMPLEADOS AUTORREALIZACION 2024,CENTRO INTER,B&E
CENTRO INTER EMPLEADOS SEGURIDAD 2024,CENTRO INTER,B&E
CENTRO INTER FAMILY & FRIENDS PORTAL AFILIACION 2024,CENTRO INTER,B&E
CENTRO INTER FAMILY & FRIENDS PORTAL AUTORREALIZACION 2024,CENTRO INTER,B&E
CENTRO INTER FAMILY & FRIENDS PORTAL SEGURIDAD 2024,CENTRO INTER,B&E
CHEP MEXICO EMPLEADOS AFILIACION 2023,CHEP MEXICO,B&E
CHEP MEXICO EMPLEADOS AFILIACION 2024,CHEP MEXICO,B&E
CIBERGESTION EMPLEADOS LEALTAD 2024,CIBERGESTION,B&E
CIBERGESTIÓN PORTAL EMPLEADOS AMPLIO 2024,PORTAL CIBERGESTION,B&E
CIRSE NEUTRO NEGOCIOS EMPLEADOS AFILIACION 2024,CIRSE,B&E
CISCO EMPLEADOS AFILIACION,CISCO,B&E
CISCO EMPLEADOS AFILIACION 2022,CISCO,B&E
CISCO EMPLEADOS AFILIACION 2023,CISCO,B&E
CISCO EMPLEADOS AFILIACION 2024,CISCO,B&E
CJ LOGISTICS MEXICO EMPLEADOS SEGURIDAD 2024,CJ LOGISTICS,B&E
CLOROX EMPLEADOS AMPLIO 2024,CLOROX,B&E
CLUB CAMPESTRE DE MONTERREY EMPLEADOS AFILIACION 2024,CLUB CAMPESTRE,B&E
COLGATE EMPLEADOS AFILIACION 2024,COLGATE,B&E
COLGATE EMPLEADOS AUTORREALIZACION 2024,COLGATE,B&E
COLGATE EMPLEADOS SEGURIDAD 2024,COLGATE,B&E
COMERCIAL PLUS,COMERCIAL,B&E
COMMSCOPE/ARRIS EMPLEADOS AFILIACION 2023,COMMSCOPE,B&E
COMMSCOPE/ARRIS EMPLEADOS AFILIACION 2024,COMMSCOPE,B&E
COMPASS GROUP EMPLEADOS AFILIACION 2023,COMPASS GROUP,B&E
COMPASS GROUP EMPLEADOS AFILIACION 2024,COMPASS GROUP,B&E
COMPASS GROUP PORTAL EMPLEADOS AFILIACION 2024,COMPASS GROUP,B&E
COMPASS GROUP PORTAL EMPLEADOS AUTORREALIZACIÓN 2024,PORTAL COMPASS GROUP,B&E
COMPUTACENTER EMPLEADOS AMPLIO 2024,COMPUTACENTER,B&E
CONAGRA FOODS EMPLEADOS AFILIACION 2023,CONAGRA FOODS,B&E
CONAGRA FOODS EMPLEADOS AFILIACION 2024,CONAGRA FOODS,B&E
CONDE NAST EMPLEADOS AFILIACION 2025-2026,CONDE NAST,B&E
CONSUBANCO EMPLEADOS SEGURIDAD 2024,CONSUBANCO,B&E
CONSUBANCO EMPLEADOS SEGURIDAD 2025-2026,CONSUBANCO,B&E
COPARMEX EMPLEADOS AFILIACION 2023,COPARMEX,B&E
COPARMEX EMPLEADOS AFILIACION 2024,COPARMEX,B&E
CORTESIAS LIMPIEZAS DENTALIA,CORTESIAS,B&E
COSTCO EMPLEADOS AUTORREALIZACION 2025-2026,COSTCO,B&E
COVESTRO EMPLEADOS AUTORREALIZACION 2022,COVESTRO,B&E
COVESTRO EMPLEADOS AUTORREALIZACION 2024,COVESTRO,B&E
CREDITO REAL PORTAL COLABORADORES ESPECIAL,CREDITO REAL,B&E
CRISTAL JOYAS EMPLEADOS SEGURIDAD 2022,CRISTAL JOYAS,B&E
CRISTAL JOYAS EMPLEADOS SEGURIDAD 2024,CRISTAL JOYAS,B&E
CUPRUM EMPLEADOS AFILIACION 2024,SERVICIOS CUPRUM,B&E
DAIKIN MEXICO EMPLEADOS ELEMENTAL 2024,DAIKIN,B&E
DAIKIN SLP EMPLEADOS ELEMENTAL 2021,DAIKIN,B&E
DAIKIN SLP EMPLEADOS ELEMENTAL 2023,DAIKIN,B&E
DAIKIN SLP EMPLEADOS ELEMENTAL 2024,DAIKIN,B&E
DAIMLER EMPLEADOS AFILIACION 2021,DAIMLER,B&E
DAIMLER FINANCIAL SERVICES MEXICO AFILIACION 2024-2025,DAIMLER,B&E
DAIMLER MANUFACTURAS EMPLEADOS AFILIACION 2024,DAIMLER,B&E
DAIMLER MEXICO EMPLEADOS AFILIACION 2023,DAIMLER,B&E
DAIMLER SOFOM EMPLEADOS AFILIACION 2024-2025,DAIMLER SOFOM,B&E
DART EMPLEADOS SEGURIDAD 2023,DART,B&E
DART EMPLEADOS SEGURIDAD 2024,DART,B&E
DAVILA LOPEZ AGENTES DE SEGUROS AFILIACION 2024,DAVILA LOPEZ,B&E
DAVILA LOPEZ AGENTES DE SEGUROS AFILIACION 2025-2026,DAVILA LOPEZ,B&E
DCG DELIVERY EMPLEADOS  AUTORREALIZACION 2023,DELOITTE,B&E
DCG DELIVERY EMPLEADOS AUTORREALIZACION 2021,DELOITTE,B&E
DEACERO EMPLEADOS AFILIACION 2024,DEACERO,B&E
DEACERO EMPLEADOS AUTORREALIZACION 2023,DEACERO,B&E
DEACERO EMPLEADOS AUTORREALIZACION 2024,DEACERO,B&E
DELIVERY EMPLEADOS  AUTORREALIZACION 2024,DELOITTE,B&E
DELL PORTAL EMPLEADOS AFILIACION 2024,DELL,B&E
DELL PORTAL EMPLEADOS AUTORREALIZACIÓN,DELL,B&E
DELL PORTAL EMPLEADOS AUTORREALIZACION 2022,DELL,B&E
DELL PORTAL EMPLEADOS AUTORREALIZACION 2023,DELL,B&E
DELL PORTAL EMPLEADOS AUTORREALIZACION 2024,DELL,B&E
DELL PORTAL EMPLEADOS ELEMENTAL 2024,DELL,B&E
DELOITTE GALAZ EMPLEADOS AUTORREALIZACION 2022,DELOITTE,B&E
DELOITTE GALAZ EMPLEADOS AUTORREALIZACION 2023,DELOITTE,B&E
DELOITTE GALAZ EMPLEADOS AUTORREALIZACION 2024,DELOITTE,B&E
DELOITTE GALAZ SOCIOS AUTORREALIZACION 2024,DELOITTE,B&E
DENTALIA FAMILIARES EXTENSIVO AUTORREALIZACION FEBRERO 2024,DENTALIA,B&E
DENTALIA FAMILIARES EXTENSIVO AUTORREALIZACION FEBRERO 2025,DENTALIA,B&E
DENTALIA FAMILIARES EXTENSIVO AUTORREALIZACION JUNIO 2024,DENTALIA,B&E
DENTALIA FAMILIARES EXTENSIVO AUTORREALIZACION OCTUBRE 2023,DENTALIA,B&E
DENTALIA FAMILIARES EXTENSIVO AUTORREALIZACION OCTUBRE 2024,DENTALIA,B&E
DENTALIA FAMILIARES PLUS,DENTALIA,B&E
DENTALIA PLUS,DENTALIA,B&E
DESARROLLADORA MIRA EMPLEADOS PREVENTIVO 2024,DESARROLLADORA MIRA,B&E
DIAVAZ EMPLEADOS SEGURIDAD 2024,DIAVAZ,B&E
DIDICARD CLIENTES PREVENTIVO 2024,DIDICARD,B&E
DIEBOLD EMPLEADOS AFILIACION 2022,DIEBOLD,B&E
DIEBOLD EMPLEADOS AFILIACION 2023,DIEBOLD,B&E
DIEBOLD EMPLEADOS AFILIACION 2024,DIEBOLD,B&E
DISNEY EMPLEADOS AUTORREALIZACION 2021,DISNEY,B&E
DISNEY EMPLEADOS AUTORREALIZACION 2023,DISNEY,B&E
DISNEY EMPLEADOS AUTORREALIZACION 2024,DISNEY,B&E
DLL LEASING EMPLEADOS ELEMENTAL 2024,DLL LEASING,B&E
DOBOS EMPLEADOS SEGURIDAD 2024,DOBOS,B&E
DOBOS EMPLEADOS SEGURIDAD 2025-2026,DOBOS,B&E
DONGWON EMPLEADOS ELEMENTAL 2022,DONGWON,B&E
DONGWON MEXICO EMPLEADOS ELEMENTAL 2024,DONGWON,B&E
DSP EMPLEADOS ESPACIAL 2024,IKE AMAZON,B&E
ECOLAB EMPLEADOS AFILIACION 2024,ECOLAB,B&E
ECOLAB EMPLEADOS AFILIACION 2025-2026,ECOLAB,B&E
ECOLAB EMPLEADOS AUTORREALIZACION 2022,ECOLAB,B&E
ECOLAB EMPLEADOS AUTORREALIZACION 2024	,ECOLAB,B&E
ECOLAB EMPLEADOS AUTORREALIZACION 2025-2026,ECOLAB,B&E
EIKOS EMPLEADOS SEGURIDAD 2024,EIKOS,B&E
EJECUTIVOS VIP PROSPECTOS,EJECUTIVOS VIP PROSPECTOS,B&E
EPICOR EMPLEADOS AFILIACION 2024,EPICOR SOFTWARE,B&E
EPICOR EMPLEADOS AFILIACION 2024-2025,EPICOR SOFTWARE,B&E
EPICOR EMPLEADOS AUTORREALIZACION 2024,EPICOR SOFTWARE,B&E
EPICOR EMPLEADOS AUTORREALIZACION 2024-2025,EPICOR SOFTWARE,B&E
EPIROC EMPLEADOS AMPLIO 2024-2025,EPIROC,B&E
EQUIPO M165 EMPLEADOS ELEMENTAL 2024,EQUIPO M165,B&E
ESENTIA EMPLEADOS SEGURIDAD 2024,ESENTIA,B&E
ESSITY EMPLEADOS AFILIACION 2024,ESSITY,B&E
EXCOENG EMPLEADOS SEGURIDAD 2024,EXCOTARO,B&E
EXCOENG EMPLEADOS SEGURIDAD 2025,EXCOENG,B&E
EXSE ASESORES EN SEGUROS EMPLEADOS SEGURIDAD 2024,EXSE,B&E
EY GDS EMPLEADOS AUTORREALIZACION 2024,EY GDS,B&E
EY-MANCERA EMPLEADOS AFILIACION 2024,MANCERA,B&E
FABRIZIO CAPRIO EMPLEADOS AUTORREALIZACION 2024,CAPRIO,B&E
FABRIZIO CAPRIO EMPLEADOS AUTORREALIZACION 2025-2026,CAPRIO,B&E
FABRIZIO CAPRIO EMPLEADOS SEGURIDAD 2024,CAPRIO,B&E
FABRIZIO CAPRIO EMPLEADOS SEGURIDAD 2025-2026,CAPRIO,B&E
FERRAGAMO EMPLEADOS AUTORREALIZACION 2024,FERRAGAMO,B&E
FERRERO DE MEXICO EMPLEADOS AFILIACION 2023,FERRERO,B&E
FERRERO DE MEXICO EMPLEADOS AFILIACION 2024,FERRERO,B&E
FERROMEX PORTAL EMPLEADOS AFILIACION 2024,FERROMEX,B&E
FERROMEX PORTAL EMPLEADOS AUTORREALIZACION 2024,FERROMEX,B&E
FIDEX EMPLEADOS AFILIACION 2024,FIDEX,B&E
FIT STUDIO FSC EMPLEADOS LIMPIEZA 2024,FIT STUDIO,B&E
FIT STUDIO FSC EMPLEADOS LIMPIEZA 2025-2026,FIT STUDIO,B&E
FLEX N GATE EMPLEADOS AUTORREALIZACION 2024,FLEX N GATES,B&E
FLEX N GATE EMPLEADOS SEGURIDAD 2024,FLEX N GATES,B&E
FLEX N GATES EMPLEADOS AUTORREALIZACION 2022,FLEX N GATES,B&E
FLEX N GATES EMPLEADOS AUTORREALIZACION 2023,FLEX N GATES,B&E
FLSMIDTH CEMENT MEXICO EMPLEADOS AFILIACION 2025-2026,FLSMIDTH CEMENT MONTERREY,B&E
FLSMIDTH EMPLEADOS AFILIACION 2025-2026,FLSMIDTH,B&E
FORD EMPLEADOS AUTORREALIZACION 2022,FORD,B&E
FORD EMPLEADOS AUTORREALIZACION 2023,FORD,B&E
FORD EMPLEADOS AUTORREALIZACION 2024,FORD,B&E
FORD EMPLEADOS AUTORREALIZACION 2025-2026,FORD,B&E
FOXCONN EMPLEADOS AFILIACION 2025-2026 ,FOXCONN,B&E
G500 EMPLEADOS AFILIACION 2024,G500,B&E
G500 EMPLEADOS SEGURIDAD,G500,B&E
GAC EMPLEADOS AFILIACION 2024-2025,GAC,B&E
GAM EMPLEADOS ELEMENTAL 2024,GAM,B&E
GCA DE MEXICO EMPLEADOS AUTORREALIZACION 2024,GCA DE MEXICO,B&E
GE INTERNATIONAL MEXICO EMPLEADOS AFILIACION 2023,GENERAL ELECTRIC,B&E
GE SISTEMAS MEDICOS DE MEXICO EMPLEADOS AFILIACION 2023,GENERAL ELECTRIC,B&E
GE TECHNOLOGY SOLUTIONS MEXICO EMPLEADOS AFILIACION 2023,GENERAL ELECTRIC,B&E
GENERAL ELECTRIC EMPLEADOS AFILIACION 2024,GENERAL ELECTRIC,B&E
GENERAL ELECTRIC EMPLEADOS AFILIACION 2025-2026,GENERAL ELECTRIC,B&E
GENERAL ELECTRIC PORTAL EMPLEADOS AFILIACION 2024,PORTAL GENERAL ELECTRIC,B&E
GENERAL ELECTRIC PORTAL EMPLEADOS AFILIACION 2025,PORTAL GENERAL ELECTRIC,B&E
GENTERA EMPLEADOS UPGRADE 2 2022,COMPARTAMOS,B&E
GIVAUDAN DE MEXICO PORTAL EMPLEADOS AFILIACION 2024,GIVAUDAN,B&E
GLOBAL ASSURANCE EMPLEADOS AUTORREALIZACION 2022,GLOBAL ASSURANCE EMPLEADOS,B&E
GLOBAL ASSURANCE EMPLEADOS AUTORREALIZACION 2024,GLOBAL ASSURANCE EMPLEADOS,B&E
GLOBAL ASSURANCE EMPLEADOS RECONOCIMIENTO 2024,GLOBAL ASSURANCE EMPLEADOS,B&E
GLOBAL ASSURANCE EMPLEADOS RECONOCIMIENTO MENSUAL 2024,GLOBAL ASSURANCE EMPLEADOS,B&E
GNP ALPURA,GNP ALPURA,B&E
GR ASESORES PORTAL EMPLEADOS AFILIACION 2023,GR ASESORES,B&E
GR ASESORES PORTAL EMPLEADOS AFILIACION 2024,GR ASESORES,B&E
GRAINGER EMPLEADOS AFILIACION 2023,GRAINGER,B&E
GRAINGER EMPLEADOS AFILIACION 2024,GRAINGER,B&E
GRUPO AXO AFILIACION 2025,GRUPO,B&E
GRUPO AXO AUTOREALIZACION 2025,GRUPO AXO,B&E
GRUPO AXO ELEMENTAL 2025,GRUPO AXO,B&E
GRUPO BROSE EMPLEADOS SEGURIDAD 2024-2025,GRUPO BROSE,B&E
GRUPO BUREAU VERITAS EMPLEADOS ELEMENTAL 2023,BUREAU VERITAS,B&E
GRUPO COMERCIAL CONTROL EMPLEADOS AFILIACION 2024,GRUPO COMERCIAL CONTROL,B&E
GRUPO COMERCIAL CONTROL EMPLEADOS AUTORREALIZACION 2022,GRUPO COMERCIAL CONTROL,B&E
GRUPO COMERCIAL CONTROL EMPLEADOS AUTORREALIZACION 2024,GRUPO COMERCIAL CONTROL,B&E
GRUPO DESC PORTAL EMPLEADOS AMPLIO 2023,GRUPO DESC,B&E
GRUPO DESC PORTAL EMPLEADOS AMPLIO 2024,GRUPO DESC,B&E
GRUPO DESC PORTAL EMPLEADOS AUTORREALIZACIÓN 2023,GRUPO DESC,B&E
GRUPO DESC PORTAL EMPLEADOS AUTORREALIZACIÓN 2024,GRUPO DESC,B&E
GRUPO DESC PORTAL EMPLEADOS SEGURIDAD 2023,GRUPO DESC,B&E
GRUPO DESC PORTAL EMPLEADOS SEGURIDAD 2024,GRUPO DESC,B&E
GRUPO DILTEX PORTAL EMPLEADOS ELEMENTAL 2024,GRUPO DILTEX,B&E
GRUPO FORMULA EMPLEADOS AUTORREALIZACION 2024,GRUPO FORMULA,B&E
GRUPO FORMULA EMPLEADOS AUTORREALIZACION 2024-2025,GRUPO FORMULA,B&E
GRUPO FORMULA EMPLEADOS ELEMENTAL 2024 2025,GRUPO FORMULA,B&E
GRUPO FORMULA EMPLEADOS ELEMETAL 2024,GRUPO FORMULA,B&E
GRUPO MODELO EMPLEADOS AFILIACION 2022,GRUPO MODELO,B&E
GRUPO MODELO EMPLEADOS AFILIACION 2023,GRUPO MODELO,B&E
GRUPO MODELO EMPLEADOS AFILIACION 2025-2026,GRUPO MODELO,B&E
GRUPO MODELO EMPLEADOS RECONOCIMIENTO 2023,GRUPO MODELO,B&E
GRUPO MODELO EMPLEADOS RECONOCIMIENTO 2025-2026,GRUPO MODELO,B&E
GRUPO MODELO EMPLEADOS SEGURIDAD 2022,GRUPO MODELO,B&E
GRUPO MODELO EMPLEADOS SEGURIDAD 2023,GRUPO MODELO,B&E
GRUPO MODELO EMPLEADOS SEGURIDAD 2025-2026,GRUPO MODELO,B&E
GRUPO MOK LIMPIEZAS 2024,GRUPO MOK,B&E
GRUPO PHILLIP MORRIS EMPLEADOS RECONOCIMIENTO 2024,GRUPO PHILLIP MORRIS,B&E
GRUPO PHOENIX EMPLEADOS AUTORREALIZACION 2024,GRUPO PHOENIX,B&E
GRUPO SALINAS PLAN INTERMEDIO,GRUPO SALINAS,B&E
GRUPO SALINAS PLAN LIMPIEZA 2025,GRUPO SALINAS,B&E
GRUPO SALINAS PORTAL AVANZADO,GRUPO SALINAS,B&E
GRUPO SALINAS PORTAL AVANZADO 2025,GRUPO SALINAS,B&E
GRUPO SALINAS PORTAL BASICO,GRUPO SALINAS,B&E
GRUPO SALINAS PORTAL BASICO 2025,GRUPO SALINAS,B&E
GRUPO SALINAS PORTAL INTERMEDIO,GRUPO SALINAS,B&E
GRUPO SALINAS PORTAL INTERMEDIO 2025,GRUPO SALINAS,B&E
GRUPO SANTILLANA EMPLEADOS SEGURIDAD 2024,GRUPO SANTILLANA,B&E
GRUPO SANTILLANA EMPLEADOS SEGURIDAD 2025-2026,GRUPO SANTILLANA,B&E
GTA TELECOM DE MEXICO EMPLEADOS AFILIACION 2024,GTA TELECOM,B&E
HANDEL EMPLEADOS SEGURIDAD 2024,HANDEL,B&E
HAPAG LLOYD EMPLEADOS AUTORREALIZACION 2023,HAPAG-LLOYD,B&E
HARSO TECNOLOGIES EMPLEADOS AFILIACION 2024,HARSO TECNOLOGIES,B&E
HAVAS EMPLEADOS AUTORREALIZACION 2024,HAVAS MEDIA,B&E
HAVAS EMPLEADOS SEGURIDAD 2024,HAVAS MEDIA,B&E
HDI,HDI,B&E
HENKEL EMPLEADOS AFILIACION 2024,HENKEL,B&E
HENKEL EMPLEADOS AFILIACION 2025-2026,HENKEL,B&E
HENKEL FAMILIARES AFILIACION 2024,HENKEL,B&E
HENKEL FAMILIARES AFILIACION 2025-2026,HENKEL,B&E
HERSHEYS & HERSMEX EMPLEADOS AFILIACION 2024,HERSHEYS,B&E
HERSHEYS & HERSMEX EMPLEADOS AUTORREALIZACION 2021,HERSHEYS,B&E
HERSHEYS & HERSMEX EMPLEADOS AUTORREALIZACION 2022,HERSHEYS,B&E
HERSHEYS & HERSMEX EMPLEADOS AUTORREALIZACION 2023,HERSHEYS,B&E
HERSHEYS & HERSMEX EMPLEADOS AUTORREALIZACION 2024,HERSHEYS,B&E
HERSHEYS & HERSMEX EMPLEADOS SEGURIDAD 2022,HERSHEYS,B&E
HERSHEYS & HERSMEX EMPLEADOS SEGURIDAD 2023,HERSHEYS,B&E
HERSHEYS & HERSMEX EMPLEADOS SEGURIDAD 2024,HERSHEYS,B&E
HIGH PERFORMANCE PLASTICS EMPLEADOS SEGURIDAD 2025-2026,HIGH PERFORMANCE MONTERREY,B&E
HOLIDAY INN EMPLEADOS AUTORREALIZACION 2023,HOLIDAY INN,B&E
HOLIDAY INN EMPLEADOS AUTORREALIZACION 2025-2026,HOLIDAY INN,B&E
HOMBRE CLAVE,HOMBRE CLAVE,B&E
HOMBRE CLAVE RECONOCIMIENTO 70,HOMBRE CLAVE,B&E
HYUNDAI MOBIS EMPLEADOS AFILIACION 2024,HYUNDAI MOBIS,B&E
ICA PORTAL AMPLIO FAMILIAR 4 PERSONAS 2024,PORTAL ICA,B&E
ICA PORTAL EMPLEADOS AUTORREALIZACIÓN 2024,PORTAL ICA,B&E
ICONN EMPLEADOS AFILIACION 2023,ICONN,B&E
ICONN EMPLEADOS AFILIACION 2024,ICONN,B&E
ICONN EMPLEADOS LIMPIEZA 2024,ICONN,B&E
ICONN EMPLEADOS PREVENTIVO 2024,ICONN,B&E
ICONN SEVEN ELEVEN EMPLEADOS AFILIACION,ICONN,B&E
ICONN SINDICALIZADOS AFILIACION 2024,ICONN,B&E
IENOVA EMPLEADOS AUTORREALIZACION 2023,IENOVA,B&E
IENOVA EMPLEADOS AUTORREALIZACION 2024,IENOVA,B&E
IMMUNOTEC EMPLEADOS AFILIACION 2024,IMMUNOTEC,B&E
IMS GEAR EMPLEADOS SEGURIDAD 2023,IMS GEAR,B&E
INDITEX EMPLEADOS AFILIACION 2021,INDITEX,B&E
INDITEX EMPLEADOS AFILIACION 2023,INDITEX,B&E
INDITEX EMPLEADOS AFILIACION 2024,INDITEX,B&E
INDITEX PORTAL EMPLEADOS AFILIACION 2023,PORTAL INDITEX,B&E
INDITEX PORTAL EMPLEADOS AFILIACION 2024,PORTAL INDITEX,B&E
INETUM EMPLEADOS SEGURIDAD 2024,INETUM,B&E
INETUM HOLDING EMPLEADOS SEGURIDAD 2022,INETUM,B&E
INFOSYS PORTAL EMPLEADOS SEGURIDAD 2022,PORTAL INFOSYS,B&E
INFOSYS PORTAL EMPLEADOS SEGURIDAD 2023,PORTAL INFOSYS,B&E
INFOSYS PORTAL EMPLEADOS SEGURIDAD 2024,PORTAL INFOSYS,B&E
INNOMOTICS MOTORS EMPLEADOS AFILIACION 2024,INNOMOTICS MOTORS,B&E
INTEGRA PORTAL EMPLEADOS AMPLIO PLAN FAMILIAR 2024,INTEGRA SALUD,B&E
INTEGRA RRMX2 PORTAL GENERAL ELEMENTAL,PORTAL INTEGRA RRMX2,B&E
INTEGRA RRMX2 PORTAL GENERAL SEGURIDAD 2024,INTEGRA RRMX2,B&E
INTERESSE EMPLEADOS AFILIACION 2024,INTERESSE EMPLEADOS,B&E
INTERESSE EMPLEADOS RECONOCIMIENTO 2024,INTERESSE EMPLEADOS,B&E
INVEX EMPLEADOS RECONOCIMIENTO 2022,INVEX,B&E
INVEX EMPLEADOS RECONOCIMIENTO 2023,INVEX,B&E
INVEX EMPLEADOS RECONOCIMIENTO 2024,INVEX,B&E
INVEX-AMMPER EMPLEADOS RECONOCIMIENTO 2024,INVEX-AMMPER,B&E
IPP EMPLEADOS SEGURIDAD 2023,QUINTILES,B&E
IQSEC EMPLEADOS AUTORREALIZACION 2023,IQSEC,B&E
IQSEC EMPLEADOS AUTORREALIZACION 2024-2025,IQSEC,B&E
ITALMEX EMPLEADOS AFILIACION 2024,ITALMEX,B&E
ITALMEX EMPLEADOS AUTORREALIZACION 2024,ITALMEX,B&E
ITALMEX EMPLEADOS SEGURIDAD 2024,ITALMEX,B&E
ITESM CATEDRATICOS EMPLEADOS AFILIACION 2024,ITESM,B&E
ITESM CATEDRATICOS FAMILIARES AFILIACION 2024,ITESM,B&E
ITESM EMPLEADOS AFILIACION 2024,ITESM,B&E
ITESM EMPLEADOS INDIVIDUAL AFILIACION 2022,ITESM,B&E
ITESM FAMILIARES AFILIACION 2024,ITESM,B&E
ITESM FAMILIARES AFILIACION 2025-2026,ITESM,B&E
ITESM INDIVUDUAL AFILIACION 2025-2026,ITESM,B&E
JABNIA EMPLEADOS SEGURIDAD 2024,JABNIA,B&E
JAFRA & SERVIDAY EMPLEADOS AUTORREALIZACION 2022,JAFRA,B&E
JAFRA EMPLEADOS AUTORREALIZACION 2024,JAFRA,B&E
JATCO EMPLEADOS SEGURIDAD 2024,JATCO,B&E
JOHN CRANE EMPLEADOS AUTORREALIZACION 2024,JOHN CRANE,B&E
JOHN DEERE EMPLEADOS AFILIACION 2023,JOHN DEERE,B&E
JOHN DEERE EMPLEADOS AFILIACION 2024,JOHN DEERE,B&E
JUGOS DEL VALLE EMPLEADOS AFILIACION 2024 ,JUGOS DEL VALLE,B&E
JUGOS DEL VALLE EMPLEADOS AFILIACION 2025-2026,JUGOS DEL VALLE,B&E
JUGOS DEL VALLE EMPLEADOS AUTORREALIZACION 2023,JUGOS DEL VALLE,B&E
JUGOS DEL VALLE EMPLEADOS AUTORREALIZACION 2024,JUGOS DEL VALLE,B&E
JUGOS DEL VALLE EMPLEADOS AUTORREALIZACION 2025-2026,JUGOS DEL VALLE,B&E
JUMBO MURGUIA PORTAL EMPLEADOS AMPLIO 2024,JUMBO,B&E
JUSTIA EMPLEADOS AFILIACION 2024,JUSTIA,B&E
KATIMI EMPLEADOS SEGURIDAD 2024,KATIMI CONSULTORES,B&E
KIA MEXICO EMPLEADOS PREVENTIVO 2024,KIA MOTORS,B&E
KIA MEXICO VENTAS AFILIACION 2023,KIA MOTORS,B&E
KIDZANIA EMPLEADOS AFILIACION 2023,KIDZANIA,B&E
KIDZANIA EMPLEADOS AFILIACION 2024,KIDZANIA,B&E
KINGSPAN EMPLEADOS SEGURIDAD 2023,INNOVACION EN AISLAMIENTO,B&E
KINGSPAN EMPLEADOS SEGURIDAD 2024,INNOVACION EN AISLAMIENTO,B&E
KOBLENZ EMPLEADOS SEGURIDAD 2024,KOBLENZ,B&E
KPMG EMPLEADOS AUTORREALIZACION 2023,KPMG,B&E
KPMG EMPLEADOS AUTORREALIZACION 2024,KPMG,B&E
KPMG EMPLEADOS SEGURIDAD 2023,KPMG,B&E
KPMG EMPLEADOS SEGURIDAD 2024,KPMG,B&E
KRISPY KREME EMPLEADOS AFILIACION 2023,KRISPY KREME,B&E
KRISPY KREME EMPLEADOS AFILIACION 2024,KRISPY KREME,B&E
KRISPY KREME EMPLEADOS AMPLIO 2024,KRISPY KREME,B&E
KRONES EMPLEADOS RECONOCIMIENTO 2023,KRONES,B&E
KRONES EMPLEADOS RECONOCIMIENTO 2024,KRONES,B&E
LA EUROPEA EMPLEADOS AMPLIO 2022,LA EUROPEA,B&E
LA EUROPEA EMPLEADOS AMPLIO 2024,LA EUROPEA,B&E
LA EUROPEA EMPLEADOS AMPLIO 2025-2026,LA EUROPEA,B&E
LA EUROPEA EMPLEADOS SEGURIDAD 2025-2026,LA EUROPEA,B&E
LA IGLESIA DE JESUCRISTO DE LOS SANTOS DE LOS ULTIMOS DIAS EN MEXICO EMPLEADOS AUTORREALIZACION 2024,IGLESIA DE JESUCRISTO,B&E
LA IGLESIA DE JESUCRISTO DE LOS SANTOS DE LOS ULTIMOS DIAS EN MEXICO EMPLEADOS SEGURIDAD 2023,IGLESIA DE JESUCRISTO,B&E
LA IGLESIA DE JESUCRISTO DE LOS SANTOS DE LOS ULTIMOS DIAS EN MEXICO EMPLEADOS SEGURIDAD 2024,IGLESIA DE JESUCRISTO,B&E
LALA EMPLEADOS AUTORREALIZACION 2024,LALA,B&E
LEASEPLAN EMPLEADOS SEGURIDAD 2024-2025,LEASEPLAN,B&E
LESAFFRE EMPLEADOS SEGURIDAD 2024,LESAFFRE,B&E
LINCOLN EMPLEADOS AUTORREALIZACION 2024,LINCOLN,B&E
LOCKTON EMPLEADOS AUTORREALIZACION 2023,LOCKTON EMPLEADOS,B&E
LOCKTON EMPLEADOS AUTORREALIZACION 2024,LOCKTON EMPLEADOS,B&E
LOCKTON PRODUCTORES EMPLEADOS AUTORREALIZACION 2024,LOCKTON EMPLEADOS,B&E
LOGICINFO EMPLEADOS AFILIACION 2024,LOGIC INFO,B&E
LOTTUS UANE EMPLEADOS ESPECIAL 2024,LOTTUS,B&E
LOTTUS UANE EMPLEADOS SEGURIDAD 2024,LOTTUS,B&E
LOUIS VUITTON EMPLEADOS SEGURIDAD 2024,LOUIS VUITTON,B&E
MANCERA SOCIOS EMPLEADOS AUTORREALIZACION 2024,MANCERA,B&E
MANCERA TALENTO EMPLEADOS AUTORREALIZACION 2023,MANCERA,B&E
MANCERA TALENTO EMPLEADOS AUTORREALIZACION 2024,MANCERA,B&E
MANOHAY EMPLEADOS AUTORREALIZACION 2024,MANOHAY,B&E
MANPOWER CORPORATIVO EMPLEADOS AFILIACION 2024,MANPOWER,B&E
MANPOWER CORPORATIVO EMPLEADOS AUTORREALIZACION 2024,MANPOWER,B&E
MARRIOTT EMPLEADOS SEGURIDAD 2024,MARRIOTT,B&E
MARRIOTT EMPLEADOS SEGURIDAD 2025-2026,MARRIOTT,B&E
MARY KAY EMPLEADOS AUTORREALIZACION 2024,MARY KAY,B&E
MASTERCARD EMPLEADOS AUTORREALIZACION 2024,MASTERCARD,B&E
MASTERCARD EMPLEADOS SEGURIDAD 2023,MASTERCARD,B&E
MASTERCARD EMPLEADOS SEGURIDAD 2024,MASTERCARD,B&E
MAXIMA DISTINCION EMPLEADOS AFILIACION 2024,MAXIMA DISTINCION,B&E
MC DONALDS EMPLEADOS AUTORREALIZACION 2023,MC DONALDS,B&E
MC DONALDS EMPLEADOS AUTORREALIZACION 2024,MC DONALDS,B&E
MC DONALDS EMPLEADOS SEGURIDAD 2024,MC DONALDS,B&E
MEGACABLE EMPLEADOS SEGURIDAD 2023,MEGACABLE,B&E
MEGACABLE EMPLEADOS SEGURIDAD 2024,MEGACABLE,B&E
MERCEDES BENZ EMPLEADOS AFILIACION 2023,DAIMLER,B&E
MERCEDES BENZ EMPLEADOS AFILIACION 2024,DAIMLER,B&E
MERCER MARSH EMPLEADOS AUTORREALIZACION 2022,MERCER MARSH,B&E
MERCER MARSH EMPLEADOS AUTORREALIZACION 2023,MERCER MARSH,B&E
MERCER MARSH EMPLEADOS AUTORREALIZACION 2024,MERCER MARSH,B&E
MERITOR EMPLEADOS AFILIACION 2023,MERITOR,B&E
MERITOR EMPLEADOS AFILIACION 2024,MERITOR,B&E
MEXIS PORTAL EMPLEADOS SEGURIDAD 2024,PORTAL MEXIS,B&E
MI DOC ONLINE LIMPIEZA 2024,MI DOC ONLINE,B&E
MIMETICA EMPLEADOS AMPLIO 2024,MIMETICA,B&E
MINAS DE ORO EMPLEADOS AUTORREALIZACION 2024,OPERASON / LOCKTON HMO,B&E
MINAS DE ORO EMPLEADOS SEGURIDAD 2023,OPERASON / LOCKTON HMO,B&E
MINAS DE ORO EMPLEADOS SEGURIDAD 2024,OPERASON / LOCKTON HMO,B&E
MINTH COATINGS EMPLEADOS SEGURIDAD 2024,MINTH,B&E
MINTH MEXICO EMPLEADOS SEGURIDAD 2024,MINTH,B&E
MIRAI ADVISORY EMPLEADOS ELEMENTAL 2024,MIRAI ADVISORY,B&E
MIZUHO BANK EMPLEADOS AFILIACION 2025,MIZUHO BANK,B&E
MRP EMPLEADOS SEGURIDAD 2023,MRP,B&E
MRP EMPLEADOS SEGURIDAD 2024,MRP,B&E
MSD EMPLEADOS AFILIACION 2024,MSD EMPLEADOS,B&E
MTP EMPLEADOS SEGURIDAD 2023,MTP,B&E
MTP EMPLEADOS SEGURIDAD 2024,MTP,B&E
MUFG BANK MEXICO EMPLEADOS AUTORREALIZACION 2024,BANK OF TOKYO,B&E
NARMX EMPLEADOS SEGURIDAD 2024,NARMX,B&E
NATURA EMPLEADOS LEALTAD 2024,NATURA,B&E
NATURA PORTAL SEGURIDAD UPGRADE,PORTAL NATURA,B&E
NATURA PORTAL SEGURIDAD UPGRADE 2024,PORTAL NATURA,B&E
NATURGY PORTAL EMPLEADOS SEGURIDAD 2025,PORTAL NATURGY,B&E
NEOGEN EMPLEADOS AMPLIO 2024,NEOGEN,B&E
NEWELL BRANDS DE MEXICO EMPLEADOS AFILIACION 2024,NEWELL,B&E
NEXEO EMPLEADOS AFILIACION 2025-2026,NEXEO,B&E
NIPPON SEIKI DE MEXICO EMPLEADOS AMPLIO 2024,NIPPON SEIKI DE MEXICO,B&E
NOMITEK EMPLEADOS AUTORREALIZACION 2024,NOMITEK,B&E
NOVARTIS EMPLEADOS SEGURIDAD 2024,NOVARTIS,B&E
NTT DATA EMPLEADOS AMPLIO 2023,NTT DATA,B&E
NTT DATA EMPLEADOS AMPLIO 2024,NTT DATA,B&E
NXP SEMICONDUCTORS EMPLEADOS AUTORREALIZACION 2023,NXP,B&E
NXP SEMICONDUCTORS EMPLEADOS AUTORREALIZACION 2024,NXP,B&E
ODYSSEY EMPLEADOS RECONOCIMIENTO 2024,ODYSSEY,B&E
OLIVARES EMPLEADOS SEGURIDAD 2024,OLIVARES,B&E
OLIVARES UP GRADE EMPLEADOS AFILIACION 2024,OLIVARES,B&E
OLIVARES UP GRADE EMPLEADOS AUTORREALIZACION 2024,OLIVARES,B&E
OML EMPLEADOS AUTORREALIZACION 2024,OML,B&E
OPERACIONES LOGISTICAS RHS EMPLEADOS SEGURIDAD 2022,OPERACIONES LOGISTICAS RHS,B&E
OPERBUS EMPLEADOS AUTORREALIZACION 2024,OPERBUS,B&E
OPERBUS EMPLEADOS ELEMENTAL 2023,OPERBUS,B&E
ORACLE EMPLEADOS AFILIACION 2023,ORACLE,B&E
ORACLE EMPLEADOS AFILIACION 2024,ORACLE,B&E
ORACLE EMPLEADOS AUTORREALIZACION 2021,ORACLE,B&E
ORACLE EMPLEADOS AUTORREALIZACION 2022,ORACLE,B&E
ORACLE EMPLEADOS AUTORREALIZACION 2023,ORACLE,B&E
ORACLE EMPLEADOS AUTORREALIZACION 2024,ORACLE,B&E
ORGANON EMPLEADOS AFILIACION 2024,ORGANON,B&E
PAQUETEXPRESS EMPLEADOS AFILIACION 2024,PAQUETEXPRESS,B&E
PAQUETEXPRESS EMPLEADOS AMPLIO 2024,PAQUETEXPRESS,B&E
PAQUETEXPRESS OPCIONALES AFILIACION 2024,PAQUETEXPRESS,B&E
PAQUETEXPRESS OPCIONALES AMPLIO 2024,PAQUETEXPRESS,B&E
PARAMOUNT PICTURES EMPLEADOS SEGURIDAD 2024,PARAMOUNT PICTURES,B&E
PAYCLIP EMPLEADOS AUTORREALIZACION 2024,PAYCLIP,B&E
PAYCLIP EMPLEADOS SEGURIDAD 2022,PAYCLIP,B&E
PAYCLIP EMPLEADOS SEGURIDAD 2024,PAYCLIP,B&E
PENGUIN RANDOM EMPLEADOS SEGURIDAD 2024,PENGUIEN RANDOM,B&E
PENSKE EMPLEADOS SEGURIDAD 2024,PENSKE,B&E
PENSKE EMPLEADOS SEGURIDAD 2025-2026,PENSKE,B&E
PEÑAFIEL EMPLEADOS AFILIACION 2024,PEÑAFIEL,B&E
PEÑAFIEL EMPLEADOS AFILIACION 2025-2026,PEÑAFIEL,B&E
PERNOD EMPLEADOS AUTORREALIZACION 2021,PERNOD,B&E
PERNOD EMPLEADOS AUTORREALIZACION 2023,PERNOD,B&E
PERNOD EMPLEADOS AUTORREALIZACION 2024,PERNOD,B&E
PETRONAS EMPLEADOS ESPECIAL 2024,PETRONAS,B&E
PHILIPS EMPLEADOS AFILIACION 2024,PHILIPS,B&E
PHILIPS EMPLEADOS AUTORREALIZACION 2024,PHILIPS,B&E
PHILIPS EMPLEADOS SEGURIDAD 2023,PHILIPS,B&E
PHILIPS EMPLEADOS SEGURIDAD 2024,PHILIPS,B&E
PHILIPS FAMILIARES AFILIACION 2024,PHILIPS,B&E
PHILIPS FAMILIARES AUTORREALIZACION 2024,PHILIPS,B&E
PHILIPS FAMILIARES SEGURIDAD 2024,PHILIPS,B&E
PLAN ANUAL DENTAL CONVENIO BUK,PORTAL BUK,B&E
PLAN COMEXPROCON PLAN SEGURO AMPLIO 80 2024,QUALAMEX,B&E
PLAN QUALAMEX PLAN SEGURIDAD 80 2024,QUALAMEX,B&E
PLANUS EMPLEADOS AUTORREALIZACION 2024,PLANUS,B&E
PLAYER GROUP EMPLEADOS AFILIACION 2024,PLAYER GROUP,B&E
PLAYER GROUP EMPLEADOS ELEMENTAL 2024,PLAYER GROUP,B&E
PLAYER GROUP EMPLEADOS SEGURIDAD 2024 ,PLAYER GROUP,B&E
PLUXEE EMPLEADOS AFILIACION 2024,SODEXO,B&E
POLAK EMPLEADOS AFILIACION 2024,POLAK,B&E
PORTAL NTT DATA EMPLEADOS UPGRADE AFILIACION 2024,PORTAL NTT DATA,B&E
PORTAL NTT DATA EMPLEADOS UPGRADE SEGURIDAD 2024,PORTAL NTT DATA,B&E
PPG EMPLEADOS AUTORREALIZACION 2023,PPG,B&E
PPG EMPLEADOS AUTORREALIZACION 2024,PPG,B&E
PRINCIPAL AFORE EMPLEADOS AUTORREALIZACION 2024,PRINCIPAL,B&E
PRINCIPAL AFORE EMPLEADOS AUTORREALIZACION 2025-2026,PRINCIPAL,B&E
PRINT EMPLEADOS ELEMENTAL 2023,PRINT EMPLEADOS,B&E
PROCESAR EMPLEADOS SEGURIDAD 2023,PROCESAR,B&E
PROCESAR EMPLEADOS SEGURIDAD 2025-2026,PROCESAR,B&E
PROCTER AND GAMBLE PORTAL EMPLEADOS AUTORREALIZACION ,PORTAL P&G,B&E
PROCTER AND GAMBLE PORTAL EMPLEADOS AUTORREALIZACION  2024,PORTAL P&G,B&E
PROCTER AND GAMBLE PORTAL EMPLEADOS AUTORREALIZACION  2025,PORTAL P&G,B&E
PROCTER AND GAMBLE PORTAL EMPLEADOS VISION AMPLIO 2024,PORTAL P&G,B&E
PROCTER AND GAMBLE PORTAL EMPLEADOS VISION AMPLIO 2025,PORTAL P&G,B&E
PROCTER AND GAMBLE PORTAL EMPLEADOS VISION AUTORREALIZACION,PORTAL P&G,B&E
PROCTER AND GAMBLE PORTAL EMPLEADOS VISION AUTORREALIZACION 2024,PORTAL P&G,B&E
PROCTER AND GAMBLE PORTAL EMPLEADOS VISION AUTORREALIZACION 2025,PORTAL P&G,B&E
PROMAX EMPLEADOS AFILIACION 2024,PROMAX,B&E
PROSA EMPLEADOS AUTORREALIZACION 2023,PROSA,B&E
PROSA EMPLEADOS AUTORREALIZACION 2024,PROSA,B&E
PROSA EMPLEADOS AUTORREALIZACION 2025-2026,PROSA,B&E
PROSA EMPLEADOS SEGURIDAD 2025-2026,PROSA,B&E
PROTEXA EMPLEADOS AMPLIO 2025-2026,PROTEXA,B&E
PROTEXA EMPLEADOS AUTORREALIZACION 2025-2026,PROTEXA,B&E
PROVEEDORA DE INTELIGENCIA GENESIS EMPLEADOS SEGURIDAD 2024,PROVEEDORA DE INTELIGENCIA GENESIS,B&E
PULSIAM EMPLEADOS SEGURIDAD 2024,PULSIAM,B&E
PUMA EMPLEADOS AFILIACION 2024,PUMA,B&E
PURATOS EMPLEADOS AUTORREALIZACION 2023,PURATOS,B&E
PURATOS EMPLEADOS AUTORREALIZACION 2024,PURATOS,B&E
QUALCOMM EMPLEADOS AFILIACION 2023,QUALCOMM,B&E
QUALCOMM EMPLEADOS AFILIACION 2024,QUALCOMM,B&E
QUINTILES EMPLEADOS SEGURIDAD 2023,QUINTILES,B&E
QUINTILES EMPLEADOS SEGURIDAD 2024,QUINTILES,B&E
RACKSPACE EMPLEADOS SEGURIDAD 2024,RACKSPACE,B&E
RAPISCAN EMPLEADOS AFILIACION 2023,RAPISCAN SYSTEMS,B&E
RAPISCAN EMPLEADOS AFILIACION 2024,RAPISCAN SYSTEMS,B&E
RAUDA CONSULTORES EMPLEADOS AUTORREALIZACION 2024,RAUDA CONSULTORES,B&E
RED VOUCHER AFILIACION 2023,RED VOUCHER,B&E
RED VOUCHER AFILIACION 2024,RED VOUCHER,B&E
RED VOUCHER AMPLIO 2023,RED VOUCHER,B&E
RED VOUCHER AMPLIO 2024,RED VOUCHER,B&E
RED VOUCHER LIMPIEZA 2023,RED VOUCHER,B&E
RED VOUCHER LIMPIEZA 2024,RED VOUCHER,B&E
RED VOUCHER SEGURIDAD 2023,RED VOUCHER,B&E
RED VOUCHER SEGURIDAD 2024,RED VOUCHER,B&E
REINA MADRE EMPLEADOS PREVENTIVO 2023,REINA MADRE,B&E
REINA MADRE EMPLEADOS PREVENTIVO 2024,REINA MADRE,B&E
REVISIONES EN SITIO COMERCIAL,REVISIONES EN SITIO COMERCIAL,B&E
REVISIONES EN SITIO COMERCIAL BBVA 2024,PORTAL BBVA,B&E
RHEEM DE MEXICO EMPLEADOS RECONOCIMIENTO 2024,RHEEM,B&E
RIOT GAMES EMPLEADOS AUTORREALIZACION 2024,RIOT GAMES,B&E
RISOUL Y CIA EMPLEADOS SEGURIDAD 2023,RISOUL,B&E
RISOUL Y CIA EMPLEADOS SEGURIDAD 2024,RISOUL,B&E
ROCA DESARROLLOS PORTAL EMPLEADOS AUTORREALIZACION 2024,ROCA DESARROLLOS,B&E
ROCHE EMPLEADOS AUTORREALIZACION 2022,ROCHE,B&E
ROCHE EMPLEADOS AUTORREALIZACION 2023,ROCHE,B&E
ROCHE EMPLEADOS AUTORREALIZACION 2024,ROCHE,B&E
ROYAL SEGUROS SURA EMPLEADOS AUTORREALIZACION 2024,SEGUROS SURA,B&E
ROYAL SEGUROS SURA EMPLEADOS ELEMENTAL 2024,SEGUROS SURA,B&E
SABIC EMPLEADOS SEGURIDAD 2024,SABIC,B&E
SABIC EMPLEADOS SEGURIDAD 2025,SABIC,B&E
"SALLES, SAINZ-GRANT THORNTON EMPLEADOS SEGURIDAD 2024-2025","SALLES, SAINZ-GRANT THORNTON",B&E
SANDEN EMPLEADOS AFILIACION 2022,SANDEN,B&E
SANDEN EMPLEADOS AFILIACION 2024,SANDEN,B&E
SANDOZ EMPLEADOS SEGURIDAD 2024,SANDOZ,B&E
SANOFI EMPLEADOS SEGURIDAD 2024,SANOFI,B&E
SANTANDER PORTAL EMPLEADOS AFILIACIÓN 2024,PORTAL SANTANDER,B&E
SANTANDER PORTAL EMPLEADOS ELEMENTAL 2024,SANTANDER,B&E
SANTANDER PORTAL EMPLEADOS PREVENTIVO 2024,SANTANDER,B&E
SAS INSTITUTE EMPLEADOS AFILIACION 2022,SAS-INSTITUTE,B&E
SAS INSTITUTE EMPLEADOS AFILIACION 2023,SAS-INSTITUTE,B&E
SAS INSTITUTE EMPLEADOS AFILIACION 2024,SAS-INSTITUTE,B&E
SCALABLE PRESS EMPLEADOS AMPLIO 2024,SCALABLE PRESS,B&E
SEKURA AER PORTAL SEGURIDAD,SEKURA,B&E
SEKURA BLU-ASSISTENCI,SEKURA,B&E
SEKURA EMPLEADOS ELEMENTAL 2024,SEKURA,B&E
SEKURA FAMILY & FRIENDS PORTAL EMPLEADOS AUTOREALIZACION 2024,PORTAL SEKURA,B&E
SEKURA PORTAL UP GRADE AUTORREALIZACIÓN 2024,PORTAL SEKURA,B&E
SERADRI EMPLEADOS AFILIACION 2024,SERADRI,B&E
SERADRI EMPLEADOS RECONOCIMIENTO 2024,SERADRI,B&E
SGS DE MEXICO PORTAL EMPLEADOS AFILIACION 2024,SGS,B&E
SGS EMPLEADOS AFILIACION 2024,SGS,B&E
SGS EMPLEADOS AFILIACION 2025-2026,SGS,B&E
SHURE MEXICO EMPLEADOS AUTORREALIZACION 2024,SHURE MEXICO,B&E
SIEMENS EMPLEADOS AFILIACION 2023,SIEMENS,B&E
SIEMENS EMPLEADOS SEGURIDAD 2022,SIEMENS,B&E
SIEMENS EMPLEADOS SEGURIDAD 2023,SIEMENS,B&E
SIEMENS ENERGY EMPLEADOS SEGURIDAD 2024,SIEMENS,B&E
SIEMENS F&F PORTAL EMPLEADOS AUTORREALIZACION 2024,PORTAL SIEMENS,B&E
SIEMENS F&F PORTAL EMPLEADOS SEGURIDAD 2024,PORTAL SIEMENS,B&E
SIEMENS HEALTHCARE DIAGNOSTICS EMPLEADOS SEGURIDAD 2024,SIEMENS,B&E
SIEMENS INMOBILIARIA EMPLEADOS AFILIACION 2024,SIEMENS,B&E
SIEMENS MOBILITY EMPLEADOS AFILIACION 2024,SIEMENS,B&E
SIEMENS PORTAL EMPLEADOS UPGRADE AUTORREALIZACION 2022,PORTAL SIEMENS,B&E
SIEMENS PORTAL EMPLEADOS UPGRADE AUTORREALIZACION 2024,PORTAL SIEMENS,B&E
SIEMENS PORTAL FAMILY AND FRIENDS AUTORREALIZACION 2023,PORTAL SIEMENS,B&E
SIEMENS PORTAL FAMILY AND FRIENDS SEGURIDAD 2023,PORTAL SIEMENS,B&E
SIEMENS SERVICIOS EMPLEADOS AFILIACION 2024,SIEMENS,B&E
SIKA MEXICANA EMPLEADOS AUTORREALIZACION 2023,SIKA MEXICANA,B&E
SIKA MEXICANA EMPLEADOS ELEMENTAL 2024,SIKA MEXICANA,B&E
SIKA MEXICANA EMPLEADOS ELEMENTAL 2025-2026,SIKA MEXICANA,B&E
SILVER TORCH EMPLEADOS SEGURIDAD 2023,SILVER TORCH,B&E
SMURFIT EMPLEADOS SEGURIDAD 2023,SMURFIT,B&E
SMURFIT EMPLEADOS SEGURIDAD 2024,SMURFIT,B&E
SOAINT MEXICO EMPLEADOS AFILIACION 2024,SOAINT MEXICO,B&E
SOCIOS DENTALIA,SOCIOS,B&E
SOFIA SEGUROS 2024,SOFIA SEGUROS,B&E
SOLUCIONES HEXAGONO EMPLEADOS SEGURIDAD 2024,SOLUCIONES HEXAGONO,B&E
SOPORTE EN PARALELO EMPLEADOS AUTORREALIZACION 2024,SOPORTE EN PARALELO,B&E
SOPORTE EN PARALELO EMPLEADOS SEGURIDAD 2024,SOPORTE EN PARALELO,B&E
STRYKER MEXICO EMPLEADOS RECONOCIMIENTO 2023,STRYKER,B&E
STRYKER MEXICO EMPLEADOS RECONOCIMIENTO 2024,STRYKER,B&E
SUNGWOO EMPLEADOS AFILIACION 2024,SUNGWOO,B&E
SWISS EMPLEADOS AFILIACION,SWISS RE,B&E
SWISS EMPLEADOS AFILIACION 2022,SWISS RE,B&E
SWISS RE EMPLEADOS AFILIACION 2024,SWISS RE,B&E
SWISS RE EMPLEADOS AFILIACION 2025-2026,SWISS RE,B&E
SWISS RE MEXICO EMPLEADOS AFILIACION 2023,SWISS RE,B&E
TBC DE MEXICO EMPLEADOS AFILIACION 2024,TBC,B&E
TEADS MEXICO EMPLEADOS SEGURIDAD 2024,TEADS,B&E
TEC PLAN FAMILIAR 2023,ITESM,B&E
TEC PLAN FAMILIAR 2024,ITESM,B&E
TEC PLAN FAMILIAR 2025,ITESM,B&E
TEC PLAN FAMILIAR VISION 2023,ITESM,B&E
TEC PLAN INDIVIDUAL 2022,ITESM,B&E
TEC PLAN INDIVIDUAL 2023,ITESM,B&E
TEC PLAN INDIVIDUAL 2024,ITESM,B&E
TEC PLAN INDIVIDUAL 2025,ITESM,B&E
TEC PLAN INDIVIDUAL VISION 2023,ITESM,B&E
TECH DATA EMPLEADOS AFILIACION 2021,TECH DATA,B&E
TECH VENTURES PLAN INDIVIDUAL 2024,TECH VENTURES,B&E
TECMILENIO PLAN FAMILIAR 2024,TECMILENIO,B&E
TECMILENIO PLAN FAMILIAR 2025,ITESM,B&E
TECMILENIO PLAN INDIVIDUAL 2024,TECMILENIO,B&E
TECMILENIO PLAN INDIVIDUAL 2025,ITESM,B&E
TELEFONICA PEGASO EMPLEADOS AUTORREALIZACION 2023,TELEFONICA PEGASO,B&E
TELEFONICA PEGASO EMPLEADOS AUTORREALIZACION 2024,TELEFONICA PEGASO,B&E
TERUMO EMPLEADOS RECONOCIMIENTO 2023,TERUMO,B&E
TERUMO EMPLEADOS RECONOCIMIENTO 2024,TERUMO,B&E
TESA TAPE EMPLEADOS AFILIACION 2024,TESA TAPE,B&E
TESA TAPE EMPLEADOS AFILIACION 2025-2026,TESA TAPE,B&E
THE ANGLO EMPLEADOS SEGURIDAD 2024,THE ANGLO,B&E
THYSSENKRUPP EMPLEADOS ELEMENTAL 2023,THYSSENKRUPP,B&E
THYSSENKRUPP EMPLEADOS ELEMENTAL 2024,THYSSENKRUPP,B&E
TIFFANY EMPLEADOS AFILIACION 2024,TIFFANY & CO MEXICO,B&E
TORRE MAYOR Y REICHMANN EMPLEADOS AUTORREALIZACION 2024,TORRE MAYOR Y REICHMANN,B&E
TURISMO MEDICO FRONTERA,TURISMO MEDICO FRONTERA,B&E
TUTO ENERGY EMPLEADOS SEGURIDAD 2023,TUTO ENERGY,B&E
TUTO ENERGY EMPLEADOS SEGURIDAD 2024,TUTO ENERGY,B&E
URS CORPORATION EMPLEADOS ELEMENTAL 2024,URS CORPORATION,B&E
VALVOLINE INTERNATIONAL EMPLEADOS SEGURIDAD 2024,VALVOLINE,B&E
VECTOR CASA DE BOLSA AFILIACION 2023,VECTOR,B&E
VECTOR CASA DE BOLSA AFILIACION 2024,VECTOR,B&E
VEEDA BIENESTAR EMPLEADOS DICIEMBRE LIMPIEZA 2024,VEEDA,B&E
VEEDA BIENESTAR EMPLEADOS ENERO LIMPIEZA 2025,VEEDA,B&E
VEEDA BIENESTAR EMPLEADOS FEBRERO LIMPIEZA 2025,VEEDA,B&E
VENTAGIUM EMPLEADOS SEGURIDAD 2025-2026,VENTAGIUM,B&E
VICTOR EQUIPMENT EMPLEADOS AFILIACION 2024,VICTOR EQUIPMENT,B&E
VISKASE EMPLEADOS ELEMENTAL 2024,VISKASE DEL NORTE,B&E
VITOL EMPLEADOS SEGURIDAD 2024,VITOL,B&E
VIVAAEROBUS PORTAL EMPLEADOS AUTORREALIZACION VISION 2023,PORTAL VIVA AEROBUS,B&E
VIVAAEROBUS PORTAL EMPLEADOS AUTORREALIZACION VISION 2024,PORTAL VIVA AEROBUS,B&E
VIVAAEROBUS PORTAL EMPLEADOS SEGURIDAD 2022,PORTAL VIVA AEROBUS,B&E
VIVAAEROBUS PORTAL EMPLEADOS SEGURIDAD VISION 2023,PORTAL VIVA AEROBUS,B&E
VIVAAEROBUS PORTAL EMPLEADOS SEGURIDAD VISION 2024,PORTAL VIVA AEROBUS,B&E
VOLARIS EMPLEADOS AFILIACION 2024,VOLARIS,B&E
VOLARIS EMPLEADOS AMPLIO 2024,VOLARIS,B&E
VOLARIS EMPLEADOS AUTORREALIZACION 2021,VOLARIS,B&E
VOLARIS EMPLEADOS AUTORREALIZACION 2022,VOLARIS,B&E
VOLARIS EMPLEADOS AUTORREALIZACION 2023,VOLARIS,B&E
VOLARIS EMPLEADOS AUTORREALIZACION 2024,VOLARIS,B&E
VOORDEEL EMPLEADOS SEGURIDAD 2023,VOORDEL,B&E
VOORDEEL EMPLEADOS SEGURIDAD 2024,VOORDEL,B&E
WASSERMAN MEXICO EMPLEADOS AUTORREALIZACION 2024,WASSERMAN,B&E
WEBBER ASESORES PORTAL AFILIACION 2023,WEBBER ASESORES,B&E
WEBBER EMPLEADOS AFILIACION 2024,WEBBER ASESORES,B&E
WEBBER PORTAL EMPLEADOS AFILIACION 2025,PORTAL WEBBER,B&E
WERNER EMPLEADOS RECONOCIMIENTO 2023,WERNER,B&E
WERNER EMPLEADOS RECONOCIMIENTO 2024,WERNER,B&E
WERNER EMPLEADOS RECONOCIMIENTO 2025-2026,WERNER,B&E
WEWORK EMPLEADOS AFILIACION 2024,WEWORK,B&E
WILLIAMS SCOTSMAN EMPLEADOS AFILIACION 2025-2026,WS SERVICIOS DE MEXICO,B&E
WILLIAMS SCOTSMAN EMPLEADOS AUTORREALIZACION 2024,WS SERVICIOS DE MEXICO,B&E
WILLIAMS SCOTSMAN EMPLEADOS AUTORREALIZACION 2025-2026,WILLIAMS SCOTSMAN,B&E
WILLIS TOWERS PORTAL CLIENTES AFILIACIÓN 2023,PORTAL WILLIS,B&E
WILLIS TOWERS PORTAL CLIENTES AMPLIO 2023,PORTAL WILLIS,B&E
WILLIS TOWERS PORTAL CLIENTES AUTORREALIZACIÓN,PORTAL WILLIS,B&E
WILLIS TOWERS PORTAL CLIENTES AUTORREALIZACIÓN 2023,PORTAL WILLIS,B&E
WITZENMANN EMPLEADOS AFILIACION 2024,WITZENMANN,B&E
WORLEY EMPLEADOS AMPLIO 2025-2026,WORLEY,B&E
WTW PORTAL EMPLEADOS AFILIACIÓN 2024,PORTAL WILLIS,B&E
WTW PORTAL EMPLEADOS AMPLIO 2024,PORTAL WILLIS,B&E
WTW PORTAL EMPLEADOS AUTORREALIZACIÓN 2024,PORTAL WILLIS,B&E
XIGNUX EMPLEADOS AFILIACION 2025-2026,XIGNUX,B&E
ZENDERE EMPLEADOS AUTORREALIZACION 2023,ZENDERE,B&E
ZENDERE EMPLEADOS AUTORREALIZACION 2024,ZENDERE,B&E
ZSCALER MEXICO EMPLEADOS AFILIACION 2024,ZSCALER,B&E
MEMBRESIA FAMILIAR 3 PERSONAS,MEMBRESIA FAMILIAR DENTALIA,MEMBRESIA DENTALIA
MEMBRESIA FAMILIAR 4 PERSONAS,MEMBRESIA FAMILIAR DENTALIA,MEMBRESIA DENTALIA
MEMBRESIA FAMILIAR 5 PERSONAS,MEBRESIA DENTALIA,MEMBRESIA DENTALIA
MEMBRESIA INDIVIDUAL,MEMRESIA INDIVIDUAL DENTALIA,MEMBRESIA DENTALIA